port_name,latitude,longitude,geo_score,socio_score,coupling_C,comprehensive_T,coordination_D,level,alpha,beta,buffer_m,elevation,slope,terrain_ruggedness_tri,evi_vegetation,coastal_water_occur,lu_forest_ratio,lu_grass_ratio,lu_cropland_ratio,lu_water_ratio,population_density_2020,urban_ratio,economic_activity_proxy,port_accessibility,infra_network_density
Yantian,22.574167869362384,114.26701955945425,0.22918495805324,0.46562923725170047,0.9403174362925019,0.34740709765247024,0.5715531046319228,Barely Coordination,0.5,0.5,100000,35.392457353451334,1.453113118949458,21.08804909164132,0.8797101891280115,96.02711749827392,0.3575200091525252,0.009858284866284485,0.042665819435124534,0.44179862777786333,2236.4508436264737,0.13970632617791406,7.617977056050434,23.319365828718745,2236.6845878197596
Kakinada,16.97777755133619,82.27461936836987,0.33471673818580244,0.0769689497102717,0.7797595849524401,0.20584284394803706,0.4006344101077081,Near Disorder,0.5,0.5,100000,-194.43120755047107,1.6958855078368222,24.74385657101223,1.0636115519716953,95.87307344308996,0.41080796030350747,0.016844235347717815,0.23230347196387138,0.3121606379603257,445.45381813278357,0.013166437263462618,0.6945115428952766,44.337775922305056,445.47214859853756
Tuticorin,8.758334415923615,78.18704169649497,0.40148955034849937,0.06793089040649611,0.7036209718808645,0.23471022037749772,0.4063828655004869,Near Disorder,0.5,0.5,100000,-178.4258243652465,0.925547014456835,13.59628320247278,0.6555665356105461,97.82082938943188,0.1297574076034607,0.11283320006225281,0.3086717597523288,0.31124952655834864,388.7738188735373,0.02052618577517014,0.6657839050374651,25.115648269592104,388.80324320859756
Galle,6.033333171152304,80.2249712736482,0.3424080750262539,0.06458258894823056,0.7307608511861721,0.20349533198724223,0.3856247165514806,Mild Disorder,0.5,0.5,100000,-1479.3707946638974,3.1928331913432775,47.462718290362936,1.091384712200781,99.31572337208115,0.5452768363170997,0.011476096154116603,0.02119622540678133,0.41552459943898207,525.2439715960846,0.005809013718220969,0.47713943690723815,34.95292310152567,525.2536574530465
Kemaman,4.24944304011496,103.45918865824481,0.25010096717808666,0.17357439064752342,0.9835519434653989,0.21183767891280503,0.45645740304423643,Near Disorder,0.5,0.5,100000,69.52761625609085,1.4126481691090746,21.239678902122844,1.1413961308241856,99.13296521481178,0.5864715383420626,0.015304394720229634,0.0013598721720158306,0.3854742654190506,63.56123261994391,0.008371713058972458,0.7720746126033015,248.8434524426622,63.57432427964496
Bangkok,13.695834584989488,100.58492346481044,0.3126176294430041,0.30490798018043835,0.9999220624131125,0.30876280481172125,0.5556426374782569,Barely Coordination,0.5,0.5,100000,10.484956856514495,0.22895295230121634,3.3940747261400084,1.2205905893515503,89.59515995985733,0.23165662607340262,0.048928361558776334,0.34319769841750597,0.24496853558878762,952.8396901956313,0.12176655324033166,5.164409849943218,22.542606862620115,952.9917425213932
Laem Chabang,13.073888088256963,100.89092927460317,0.21238046653004466,0.27620621371175086,0.9914307389541137,0.24429334012089776,0.4921381175215249,Near Disorder,0.5,0.5,100000,16.82425852222307,0.4350325057598483,6.408890499118063,0.8891838659790063,96.97275463306528,0.3067147983872596,0.028144829110434505,0.1051095783024558,0.45411529135627476,1138.1003057774656,0.09970527421697406,4.037069330554215,31.03012053342046,1138.2718252257546
Sriracha,13.17139079189161,100.91861137394295,0.2248281893014346,0.29047435695004176,0.9918522618184044,0.2576512731257382,0.5055215109272353,Barely Coordination,0.5,0.5,100000,20.21012583814533,0.44827132902551736,6.609500781238522,0.9974494638599605,96.39371516677286,0.32413340515220496,0.029592385281606706,0.12316909827890445,0.4107934227126649,1121.8548379243618,0.10621987123750098,4.384751928560552,33.089479047897726,1122.0237483885544
Haimen,28.690279792470857,121.44181571377291,0.3291759124665132,0.13855248501721107,0.9131822074676237,0.23386419874186212,0.46212620057159787,Near Disorder,0.5,0.5,100000,137.1888157246759,2.757594725125269,38.88943128859686,0.982107969077216,96.4381439995141,0.44790824316459754,0.009584283567075686,0.0660581234522222,0.4222375476496468,460.59458410021966,0.050787313926587904,1.822236419565502,41.52522969086154,460.67609306465715
Qinhuangdao,39.906666909500196,119.58598244633926,0.46098470102658007,0.1277398595686802,0.8243740545047018,0.2943622802976301,0.4926100146182646,Near Disorder,0.5,0.5,100000,118.31183338192945,1.3615878862844493,17.920247497081835,0.611658395725244,96.5424133730842,0.20977316351234587,0.12669816810037843,0.33275285500337637,0.2619745204940477,238.19905463590413,0.06369925394494384,1.2665926465676625,47.70278950750783,238.28325052708198
Yingkou,40.69583415483799,122.23509870938304,0.38610037495691474,0.1322309114302674,0.8718447955999468,0.2591656431935911,0.4753443143834216,Near Disorder,0.5,0.5,100000,87.21523674444185,1.2618947125469424,16.459159545911746,0.798240785428968,91.63096503441209,0.23945166608370452,0.03813940033916793,0.4327196758840994,0.21823004818969532,289.175825362259,0.06393588963614874,1.579930339726602,37.76610677963051,289.25466314986994
Alleppey,9.491945721236531,76.31042455905123,0.2654333944309615,0.0873755846774342,0.8633028882181627,0.17640448955419785,0.39024416116937577,Mild Disorder,0.5,0.5,100000,-14.654217587630173,1.602554593900513,23.796840754442936,1.1647876495236895,97.59929734015297,0.6027372656277723,0.013199909376526885,0.019427816492926187,0.34769769974696396,824.0611264512479,0.010301596010383485,0.6524340735504816,24.9637803871,824.0760509217786
Keelung,25.220760281209902,121.72583815537212,0.2671283911048313,0.1722142713799034,0.9763852532111674,0.21967133124236732,0.4631240097191173,Near Disorder,0.5,0.5,100000,-82.4296864374056,2.5604925782850354,36.343183062089224,0.29641073995613626,97.70755370786436,0.31293776239740606,0.001921191515338239,0.02394342984960978,0.6230345357174304,1196.399690846795,0.03750080475561702,1.8585614830603645,33.98327595198371,1196.4970966860726
Mongla,22.486943393655928,89.58598441065239,0.26269786189903555,0.08503942014197678,0.8596410665608122,0.17386864102050617,0.386606549360389,Mild Disorder,0.5,0.5,100000,5.111528494691464,0.08122228549947699,1.2262420373426335,1.757329323758913,84.6488528742753,0.2540176307927631,0.001170951547715036,0.3637292310870631,0.21989033612776918,681.7755860027495,0.002255554497493815,0.5384579033776508,54.1937552379981,681.7782744919169
Lianyungang,34.74527973564186,119.40847901070475,0.31968704084628374,0.15932131231258617,0.9422938615679433,0.23950417657943496,0.47506138067694614,Near Disorder,0.5,0.5,100000,18.269156857591877,0.32042701832329673,4.355860501190138,0.6338119947182378,94.49063082897379,0.03239529166207637,0.011751344223551126,0.5406564233303661,0.32363799337181826,416.83488226213893,0.08429878976452371,1.8354083484418,25.34736728479897,416.95434344782177
Zhanjiang,21.16972048336696,110.40636108108819,0.2245882845716124,0.11326183178666693,0.9441505755662816,0.16892505817913966,0.39936285619396594,Mild Disorder,0.5,0.5,100000,17.310281023907724,0.35764506034041077,5.194748294207757,0.9264357724600385,96.04161499424998,0.41468158769231717,0.020358536258097484,0.1456352986716177,0.38211807688335586,592.067417388443,0.03140379356054314,1.4651491237380432,29.869834749255034,592.1156919341979
Zhoushan,30.00333344327485,122.10265003079253,0.175586954949633,0.19488165258366955,0.9986428181052784,0.1852343037666513,0.43009639282758216,Near Disorder,0.5,0.5,100000,12.868532427087091,0.8911602633253033,12.611126020287834,0.3205794331931146,97.38353378163512,0.16660254121471046,0.007449522811929085,0.057135422536611885,0.6997015739582317,919.5469003151059,0.06283177522296714,2.9915987119424523,20.454507825604626,919.74471184299
Lhokseumawe,5.166666749505616,97.14287201603871,0.36690683153004194,0.14966594838196562,0.907272772385004,0.2582863899560038,0.4840828535330474,Near Disorder,0.5,0.5,100000,59.51490023386553,3.0538149090147817,44.825462762595954,1.4955476181111123,98.38876188066575,0.6070738588055489,0.012412578935902719,0.0330381794702118,0.34355906252795676,104.86021281271697,0.0024379900308743787,0.3657257613745981,229.48225843056358,104.86365895864348
Panjang,-5.460276258369761,105.30706688939908,0.3069720009917361,0.08531593712470091,0.8250675488548677,0.19614396905821851,0.4022835116848929,Near Disorder,0.5,0.5,100000,4.096508322628277,1.6014502308730145,23.653702187395332,1.8257241795936696,98.72498888471026,0.45495871441327307,0.020202759702061507,0.09573506428652896,0.4099874283436137,351.5040767769381,0.01689428711464303,0.807196082047211,58.35525633521927,351.5321041535826
Tanjung Priok,-6.101387971429996,106.8904000323556,0.25120178390510994,0.33966957390362706,0.9887277881197262,0.2954356789043685,0.5404678208133818,Barely Coordination,0.5,0.5,100000,125.49676105145923,1.2049889503189732,17.71644911646819,1.1304624287420084,98.04824736141389,0.32047407364099806,0.00938699825334996,0.12545597930329327,0.4396831713690242,2498.5951152686494,0.10123195632112583,3.000946617495887,15.984144878713616,2498.7693583559726
Mangalore,12.926942872141709,74.80742212157254,0.26266973327381427,0.04373403606288872,0.6996014287137319,0.1532018846683515,0.32738396019905297,Mild Disorder,0.5,0.5,100000,95.0762346348423,1.4518787576296055,21.57633877257332,1.106788280133585,99.19949851274646,0.6562935238476355,0.019342466007484897,0.004075927524958279,0.3164227637056986,307.67274099065406,0.003683421553553258,0.41410444901741095,31.17550580342676,307.67797092377526
Porbandar,21.639446647438003,69.5873977688614,0.30832293452564424,0.057020036243689384,0.7258483593552757,0.18267148538466682,0.3641315668373886,Mild Disorder,0.5,0.5,100000,-16.45450896104242,0.3934361610311539,5.571718128434932,0.43825520508648813,95.91857379218312,0.019738063095179687,0.009369118763622892,0.5197753945110183,0.3577688645489881,217.7435301208095,0.011198276092649518,0.7820019229691296,37.55243560472183,217.76047698932098
Bassein,16.779722118946335,94.72338162084318,0.33481693567551063,0.07222299203218116,0.7640722549456913,0.2035199638538459,0.39433990123784535,Mild Disorder,0.5,0.5,100000,-84.20712552335048,0.7888316157872199,11.405999168163186,1.1004697249703794,93.50405026939364,0.27485366952717805,0.004673915072909342,0.44445930454972143,0.26038382592596077,138.03822427932565,4.323407857055557E-4,0.2717438539459706,106.71553774298432,138.0387656874819
Malacca,2.2488896479917337,102.12338021476506,0.22447364686616175,0.1281604058731484,0.9619784989372815,0.17631702636965507,0.4118412174177882,Near Disorder,0.5,0.5,100000,36.291300173332836,0.8838462348150928,13.300971198697933,1.4937580845972265,98.58291761869305,0.5294305262410652,0.018743332376828317,0.002728038961415521,0.41257215030659816,246.41468152685138,0.02481918055848561,2.3578301865717384,71.70228453894073,246.45609547666362
Port Dickson,2.53610926504629,101.7886354986829,0.23189582347789967,0.21144194046568465,0.9989351621537116,0.22166888197179216,0.47056651023731405,Near Disorder,0.5,0.5,100000,60.60170740803221,1.2060423305125814,18.03273246348812,1.423471327610465,98.23520871493078,0.4934372679468123,0.013512886555697176,0.0022825523738922906,0.424078941894197,551.9828658696533,0.05086391550080623,3.793519355777855,79.38960295378233,552.0696181841129
Songkhla,7.228613044932686,100.56966888010659,0.25643542216004406,0.0683655252700951,0.8153053519759975,0.16240047371506958,0.36387631879985477,Mild Disorder,0.5,0.5,100000,43.54634978881028,1.0039532696023505,15.24687998214697,1.4311728454352644,97.78570127933732,0.5731978339958187,0.025561576979920404,0.04062508771779948,0.33056017959723644,163.5683004007273,0.008372702098758953,0.9554423227092386,60.44248055456405,163.58038401084858
Hai Phong,20.867223986103305,106.6751458472026,0.30078356387787436,0.17192276480998725,0.9621268232895948,0.2363531643439308,0.47686656329068583,Near Disorder,0.5,0.5,100000,55.63893421148667,1.0952625830753633,16.170647707292606,1.1409150772341978,92.11908368936521,0.36741444177198185,0.015792786577339457,0.24880858682724713,0.2843569354199288,739.2555544729506,0.07158434360262293,1.8720914966618305,28.989238609142962,739.3502511947985
Guangzhou,22.640278501580774,113.67108299916649,0.23213011295298663,0.649345614008427,0.880893357238582,0.44073786348070687,0.6230915311763431,Primary Coordination,0.5,0.5,100000,36.89675036199599,1.3423810065879338,19.544449158986197,1.019431850141257,93.64076511140583,0.3535725957697312,0.01337064726747444,0.06374146427634544,0.33251314689724476,2675.6885463975286,0.22528886554017039,11.017668721203973,12.730594501924589,2676.0031379466095
Jiangyin,31.931943699001785,120.22126165522162,0.31502416000194206,0.4827281793036953,0.9776539653980207,0.3988761696528187,0.6244700705108707,Primary Coordination,0.5,0.5,100000,7.8581311622370515,0.20944969835254945,2.9831112603123118,1.4793094285663777,87.19006246751059,0.10204273917054359,0.01360019360489822,0.5015886018715563,0.13382748033514985,1038.750252266198,0.24455417411864147,7.7016801819726926,12.30007842899284,1039.0260956106658
Sanya,18.23972098586559,109.50053037488908,0.2723165916966806,0.1112106735183304,0.9074945775604396,0.1917636326075055,0.4171623865649965,Near Disorder,0.5,0.5,100000,84.77254068780599,1.8988766135131705,27.51867968694405,0.8800478620679634,97.3581721435023,0.5444890261340961,0.01087790740723126,0.02523009057027323,0.40814384560995937,158.78422625852778,0.010212818973410078,0.6860447379251102,137.0770787398819,158.80025145829035
Nunukan,4.145554903771779,117.65494643963928,0.300871104746669,0.1644735156857116,0.9560784429641463,0.2326723102161903,0.4716492129457719,Near Disorder,0.5,0.5,100000,67.37882436971171,2.088353973088887,31.01156886508916,2.2319064160388606,97.27487950203295,0.6041801413796131,0.006255963722560678,3.6599462398912737E-4,0.30553531313156085,51.76054584286115,0.0018299731199456367,0.32045894584360735,262.0447525456374,51.76306883293456
Ratnagiri,17.001945879045866,73.2717924416858,0.46978582322152806,0.036523907628191674,0.5174308192773086,0.2531548654248599,0.3619255854741718,Mild Disorder,0.5,0.5,100000,157.4731603941671,1.6561639623335134,24.276557978529013,0.6560384699845627,98.33372122249527,0.43915591372059914,0.1795538793218315,0.059240471583974226,0.3149765420550784,170.32125800509442,0.0019437249164548052,0.3790379266978831,38.922922617401795,170.324056707364
Gwadar,25.11222130246798,62.33863404626818,0.15021980214080682,0.10591452554859705,0.9849259118845543,0.12806716384470193,0.3551572442344541,Mild Disorder,0.5,0.5,100000,-527.8604290628659,1.8321015814063548,26.56216771528399,0.09643711874240012,97.93363148934888,1.7028411905263934E-4,0.0,0.004427387095368623,0.3540752745956629,14.056432594664358,4.257102976315984E-4,0.30228101248379563,174.1841665072859,14.05688468336074
Bombay,18.829998946916536,72.82999808661354,0.40676776241765317,0.19539466607565137,0.9363666910859981,0.30108121424665224,0.5309636713865575,Barely Coordination,0.5,0.5,100000,91.47642803291008,1.403388141522164,20.62058995582087,0.6163544722089572,97.73370677129692,0.30909186980115017,0.12041784655502051,0.16631409476065862,0.34997010600263656,1695.3092039862577,0.03371166215892257,1.8504852589391685,22.154373984991885,1695.3595995500739
Jawaharlal Nehru Port,18.949997815365823,72.92999788683812,0.44460374061901703,0.1892628365678887,0.9152745180440506,0.3169332885934529,0.538591647697482,Barely Coordination,0.5,0.5,100000,128.84944595187773,1.5618221346788317,23.031087321500884,0.6706947680874827,97.56556995703306,0.3084025793247199,0.13603489909059596,0.18626158713360452,0.309475586256498,1521.3690859559829,0.035674414747529894,2.014411566832935,22.679226353878576,1521.4194344438336
Cochin,9.959999722412531,76.23000021245127,0.2992210014546691,0.08738479026011982,0.8365185958627994,0.19330289585739446,0.4021212093621033,Near Disorder,0.5,0.5,100000,-0.4867601754596385,1.8851490128173414,28.117574647402396,1.2066536763092013,97.1921545606662,0.613840637205992,0.01942436243644796,0.037544822701314796,0.3121246896889908,806.0038745290179,0.009858099755837593,0.6784710505012196,26.794413776216487,806.0175200627423
Madras,13.100000584025945,80.30000010797347,0.38495682174628926,0.15142731345318775,0.9002480518309489,0.2681920675997385,0.49136482004024135,Near Disorder,0.5,0.5,100000,-741.512503386677,1.84585644214951,26.74980842196239,0.6144950607053397,95.24407149627194,0.1487983144216562,0.047843265529427165,0.34297343705251027,0.36022326025023516,1085.853125737099,0.04089311336820592,1.4802418334824647,20.582808056992697,1085.9159843738314
Calcutta,22.549999541652706,88.30999926690569,0.3198042821679937,0.1710558074438543,0.9529789817050275,0.245430044805924,0.48362141617071586,Near Disorder,0.5,0.5,100000,9.855138905490827,0.08477453477071605,1.2749170723588035,1.3039877658804284,79.60535372128864,0.2823895818028972,0.003380263571801467,0.5230427928112255,0.11576996410177376,1549.4773032318808,0.021133995722828303,1.8684145103813663,18.743021899059908,1549.5004903515883
Phuket,7.829998626707771,98.39999962143038,0.1599854503477736,0.08020973842969753,0.9432340832558903,0.12009759438873556,0.3365711579213179,Mild Disorder,0.5,0.5,100000,-60.21586613668926,0.8027155961630665,11.978124409387416,0.5611013011856286,99.31318078656743,0.2849142899142397,0.0027981478202476918,2.9817287679196046E-4,0.6768971980101761,185.85977292660903,0.005026342780207334,0.5750683471478016,96.09733629854753,185.87478633953833
Pulau Pinang,5.4099998939921585,100.3500001849107,0.2657453680939122,0.12648985096704987,0.9348546682987149,0.19611760953048102,0.4281839123614463,Near Disorder,0.5,0.5,100000,77.8377522693272,1.5379333531454373,23.007359828138622,1.1600219082665721,98.25370509733088,0.48523123535817464,0.010559553803559442,0.0627135848010319,0.39691295070702676,277.9088713656117,0.02451026484876978,1.4263743506181779,99.05670171575571,277.9487091108917
Belawan,3.7799977994102845,98.6799999538794,0.2973361472215683,0.14178406695949333,0.9351561527259745,0.2195601070905308,0.45312579383531426,Near Disorder,0.5,0.5,100000,215.72020641301708,1.7057431795197349,25.50700379571544,1.359502642195858,98.54780285911193,0.5729760368454685,0.021814776225353952,0.04894886028020485,0.3182252341682817,384.0517623105001,0.01854402336676639,0.8868011713911639,140.8212701348444,384.07871689882535
Semarang,-6.94999949291128,110.40999970754781,0.31296480804239496,0.15393917532518755,0.9402097420942671,0.23345199168379127,0.4685016935854239,Near Disorder,0.5,0.5,100000,201.88454408415444,1.6050607578585372,23.66756914223439,1.2169604992358438,98.03941458547318,0.4620549128909663,0.010332101036432378,0.18301276400306582,0.2846194966133059,985.1227173259227,0.056213198010970654,1.4547333087626506,12.017860853063938,985.1992807993379
Kupang,-10.159999322861687,123.57999925991075,0.3057337599192136,0.07933137553471103,0.8088909713426321,0.1925325677269623,0.39463635884666487,Mild Disorder,0.5,0.5,100000,-1334.7647434786493,2.794886007056343,39.94471094734855,-0.04919033505430204,98.8035340898259,0.16948084022074578,0.04883428796286233,0.006741798739421223,0.766031515845291,191.73695013851696,0.004561033228812522,0.2771670330234099,105.35115149464727,191.75540980348077
Kuching,1.5599986671438264,110.34999804377263,0.26468296826928067,0.10711257333247792,0.9057514598080256,0.1858977708008793,0.4103378818461125,Near Disorder,0.5,0.5,100000,66.5868061273886,1.3551926573892608,20.57984673999762,2.069262796644161,98.09698013865176,0.6684509742287109,0.009131241242955786,7.459805907551941E-5,0.3017813285153713,67.08015797908642,0.005445658312512917,0.42696498775489516,157.62624179769526,67.08782464471236
Miri,4.3800010598588015,113.9600015337224,0.20583104735055988,0.11483424876151332,0.9588908911205635,0.1603326480560366,0.3920988596899672,Mild Disorder,0.5,0.5,100000,-42.92906711433787,0.6966068817297631,10.415443500488,1.306929091016121,99.32913546038682,0.6334040001320416,0.010816788377390045,4.67647932629355E-5,0.35058831943838226,32.53654258185938,0.003460594701457227,0.28021771927783556,182.45166312994692,32.541770645332114
Kota Kinabalu,5.979997863452038,116.0600017975396,0.34496941670530373,0.11148186533789253,0.8592666870165592,0.22822564102159815,0.44283935061471125,Near Disorder,0.5,0.5,100000,245.58574005192565,2.8327917539323058,41.96973847804482,1.2951238318317726,99.46078141953272,0.5578963651543463,0.01864906770564147,0.003760259936461582,0.40767333012870316,103.69422365887077,0.004092047577914075,0.39753045646689583,163.85409250596422,103.70095580903363
Pelabuhan Sandakan,5.829998163115172,118.11000216124447,0.2038948563486737,0.10940955056868559,0.9534419224825187,0.15665220345867964,0.3864696340293325,Mild Disorder,0.5,0.5,100000,12.535708871580024,0.7133454136409746,10.78762260996838,1.5782193869260832,99.3082973713487,0.5139104741111828,0.011907414552296281,6.483930892136698E-4,0.4091316229941468,50.525399468731415,9.896526098524434E-4,0.29509376581642865,175.11220167620712,50.526937782828725
Ujungpandang,-5.129999561543132,119.39999780050108,0.3339268492467948,0.06859829496093826,0.7520025473946624,0.20126257210386653,0.38903723075987157,Mild Disorder,0.5,0.5,100000,-144.32685383298823,2.4834145726302914,36.65189405298435,1.9269853065949945,98.87646181954163,0.3072778535486389,0.016156785564584338,0.05957154971773622,0.6055357886416847,390.5537897132613,0.008137679671827672,0.47456721413470415,52.86723267604542,390.57315190872356
Nanjing,32.079999231279345,118.74999909904135,0.3625533985088331,0.249600315250817,0.9828292250837918,0.30607685687982505,0.548471767790541,Barely Coordination,0.5,0.5,100000,30.333038409432543,0.5269052113366548,7.306602532006618,1.0170074374879559,73.65922329959936,0.24562406485985597,0.018419386227695282,0.5503166854641884,0.07060928606388353,598.1925589629654,0.1099334126822423,4.109511212517148,29.1777154048502,598.3080276119314
Hankow,30.580002227910686,114.28000000262084,0.3855281192959483,0.189119240707498,0.9397762544242834,0.28732368000172315,0.5196344597882446,Barely Coordination,0.5,0.5,100000,58.30662661758571,0.8447991962259188,11.90170806915036,1.244071135044797,71.15530820231595,0.31098003232056226,0.030496031686353918,0.4882853000737762,0.08846292996509707,585.7383801945609,0.07107387023049347,2.834173939058419,40.72794514785519,585.8129722906021
Chang Sha,28.20000163164448,112.97999814060027,0.3458279673368652,0.14062525393347697,0.9066728848406932,0.2432266106351711,0.46960299481009976,Near Disorder,0.5,0.5,100000,123.65010538146551,1.627766331510993,22.943768078766446,1.6675728607693394,70.72501370202139,0.6592089324332423,0.0036350419628830696,0.2465525991803725,0.037067442488333255,467.51128205813075,0.04857818875846722,1.9031262294045967,44.82135496425609,467.5603953752316
Dumaguete,9.31194518901208,123.30812786868213,0.39809430106807564,0.05241527228578006,0.6412802645829287,0.22525478667692786,0.3800676902852326,Mild Disorder,0.5,0.5,100000,-491.5710506888782,4.1371126614244345,60.58477766134998,0.40988462312652124,99.39400597789847,0.3628266417465411,0.02707255870563468,0.015522635950292405,0.5903666359234353,269.51041148541657,0.0010117188477575243,0.2360878557268299,60.186415908515116,269.51270212687683
Jiangmen,22.502501197231403,113.00194137688429,0.2654777851923956,0.4684319509257896,0.9610028913548612,0.3669548680590926,0.5938389421396424,Barely Coordination,0.5,0.5,100000,48.87685018777234,1.4475036838340392,21.10940759551902,1.24493109484781,91.79858300577163,0.4305787588501526,0.017365843267186796,0.08821905093558796,0.2754526068937502,1649.272188346769,0.1783116178161188,7.684702731977425,28.689267957898167,1649.498210240561
Wenzhou,27.998334327401334,120.88474467826697,0.38289266521048043,0.18409105591300592,0.9365139989818457,0.2834918605617432,0.5152611920312667,Barely Coordination,0.5,0.5,100000,179.52487764442725,3.5493783230768914,49.97417411491881,1.2029212929931752,96.33746076184308,0.5102719865719841,0.00954763015715011,0.05936550591265155,0.3551638270716799,673.4925276973172,0.0620526345483263,2.4348386552317836,51.547975353442574,673.5833334686492
Yantai,37.57111017343369,121.38898874359276,0.3457351465050029,0.11842552214735891,0.871878720311775,0.23208033432618091,0.44982875063944006,Near Disorder,0.5,0.5,100000,35.46319546970062,0.8301396829373648,11.003169245445026,0.4559303679580172,97.26676772210972,0.1168245472263624,0.05912484389028612,0.3583152427669371,0.4102914573904915,382.3667624851146,0.0519382503188755,1.4803985512528466,27.910414362841237,382.4514229029184
Zhuhai,22.239721913050783,113.58421525154432,0.19024579902179506,0.5537227156366227,0.8725275470870081,0.37198425732920887,0.5697073912127497,Barely Coordination,0.5,0.5,100000,11.478333824747672,0.9411238984561047,13.725484537900208,0.6921333072759559,95.13177922852805,0.24315992930561636,0.012916971995479221,0.04983762044250562,0.5104330555235893,2898.0363066123195,0.1750447713833016,8.26293759068596,11.977169925025905,2898.363626164455
Banjarmasin,-3.3219455618971643,114.55530044255954,0.37430395662072147,0.08737703684207467,0.7834275953670551,0.23084049673139806,0.4252608790702664,Near Disorder,0.5,0.5,100000,29.83449156704685,0.5388972701611884,8.080043636019205,2.038211750892247,96.59832741120388,0.5174653715224793,0.12742892891824695,0.07591986895602346,0.20440672720869932,107.89820205987152,0.005671413631561538,0.40620259324529595,121.40927556039982,107.90514056970291
Tanjung Pandan,-2.7499989652769283,107.62709257649644,0.12763455239137236,0.0380065868634411,0.84096002259816,0.08282056962740673,0.26391056838530824,Moderate Disorder,0.5,0.5,100000,-15.414421842829814,0.18227595209630917,2.7769139114306447,0.542821660160279,98.97289801969733,0.17227334232564634,0.012544154686488384,2.721785906302863E-4,0.8018033623281043,58.28505942116798,0.0010498317067168187,0.255722642494669,59.70282688541789,58.290064844838646
Kandla,23.013612278179473,70.22232024965945,0.265620775739828,0.08992623573047782,0.869375086426313,0.1777735057351529,0.3931308394323793,Mild Disorder,0.5,0.5,100000,40.21478449482468,0.2779544736934646,3.963842983453905,0.39036014278964487,82.85423388234373,0.005716050739857662,0.0073310918033679465,0.4727823654056826,0.20282457587080405,163.34729931673232,0.01683169147064192,1.3131628541179243,69.03075818308253,163.36762551115368
Pondicherry,11.91416508627676,79.82231890762309,0.3836736523508361,0.075284907507552,0.7406132374309123,0.22947927992919406,0.41225646439040226,Near Disorder,0.5,0.5,100000,-389.9608245594494,1.1178230013407766,16.195691645246086,0.7338327015319451,96.24785183927875,0.15560541939114958,0.0385488836020828,0.4688431647915731,0.26401041688824134,601.3689322172173,0.01524497224269244,0.8549636146199036,15.078683259820483,601.3894799073219
Trincomalee,8.55833481547446,81.20388664611328,0.39718173713688004,0.051637249952383765,0.6381679102039642,0.2244094935446319,0.3784322099469174,Mild Disorder,0.5,0.5,100000,-1060.367635569803,1.8756129202199128,27.502202032683684,1.0672969665732273,97.55820243443861,0.46322609090589834,0.09506021013182261,0.11508018187967986,0.32324860322945476,109.86671474098637,0.0012425633131795556,0.34092532175507295,72.70184146893637,109.86841656166044
Subic Bay,14.808331247712646,120.27479316336819,0.41447284390626526,0.2136419671344634,0.9475066919336084,0.3140574055203643,0.5455011396705346,Barely Coordination,0.5,0.5,100000,-660.0052166974863,2.9773070525124505,43.86033813953823,0.9160324388176561,97.61632004941967,0.2981744035339261,0.05748516375315817,0.14321871362789174,0.44118225210945733,1630.1033776974245,0.05331781251791469,1.2623633723946774,48.180686802948834,1630.1937125961078
Beihai,21.458612263316564,109.07055263760846,0.19869037168411505,0.0874649495514758,0.9213690193474253,0.14307766061779542,0.36308032699933207,Mild Disorder,0.5,0.5,100000,13.553287944466842,0.42044564293397196,6.0900484309189125,0.9788330479766851,96.47857813261408,0.41521188551491456,0.010622050406805741,0.09236777124816706,0.45689551792781996,304.32758379625346,0.01814987951448514,1.2458219275663691,49.507202087012075,304.35703801343305
Port Blair,11.672223181318893,92.72391179027595,0.23952008867227476,0.0768369572281995,0.8576469252917686,0.15817852295023713,0.36832230974441976,Mild Disorder,0.5,0.5,100000,-539.9895985530377,2.5145968225575666,36.46249872257287,0.3291722297348295,99.46465557343343,0.10946638253434463,5.833875511256036E-4,2.243798273560014E-4,0.8728987709089003,91.59003709515224,2.6925579282720166E-4,0.1923871313486621,122.48548767046313,91.59187531775258
Masbate,12.368056982507015,123.61984578692433,0.2815508072463565,0.047684460508337814,0.7038667821831927,0.16461763387734715,0.34039518834416455,Mild Disorder,0.5,0.5,100000,-164.17960118417582,1.9897847608530859,28.861008629249863,0.56141884053998,99.59610371817298,0.19248732497948817,0.045102182584752855,0.008393063287541339,0.7495653973590294,304.6943284613165,0.0010443277220375865,0.2780289499674244,47.02870242142719,304.6980403001406
Ningbo,29.86666645508779,121.5533556675238,0.27190718462907476,0.22829474638250483,0.9961917295945228,0.2501009655057898,0.49914778713370334,Near Disorder,0.5,0.5,100000,74.40635289757296,1.7803790073803494,25.162993956718935,0.8666275590500648,95.6536807734593,0.33360907186626226,0.010887001267170947,0.10144617196108097,0.45905542474356054,709.1211187565932,0.08762772203435094,3.938649041363204,24.403391539399145,709.2743131368154
Xiamen,24.450000205020732,118.02002196108698,0.3659972474317444,0.23404164988484916,0.9755197725627159,0.3000194486582968,0.5409943662548928,Barely Coordination,0.5,0.5,100000,171.34833783781937,2.968184397690829,42.004564916166196,1.1318555183644852,96.7579090803257,0.5464712620735855,0.03307602182822503,0.029390980910622547,0.2946938207023535,724.9437246110431,0.08709838879491905,3.3517904387943966,53.6634300661989,725.0620687454256
Senipah,-1.0499979023580615,117.21666585619714,0.22194571242746336,0.07645648711003905,0.8730890173121213,0.1492010997687512,0.36092359520954953,Mild Disorder,0.5,0.5,100000,-201.9214772388297,1.0875797841604704,16.052749076020127,1.2141280895852615,96.59343760077468,0.47007658267528935,0.018169754930221684,0.0044354821178105375,0.44792317210710625,179.70463617745202,0.00718435407335137,0.5168586030257225,89.26868303297265,179.7163716499551
Bhavnagar,21.7700002080808,72.2060048624975,0.34022111434446906,0.09582962124949732,0.82817761805934,0.21802536779698317,0.42492791127274404,Near Disorder,0.5,0.5,100000,33.617273305681394,0.21005508428837527,2.994729432245845,0.5491302037404512,82.72313320248206,0.03214505465091797,0.018254005818208612,0.601542475790689,0.25654804941723486,493.1412422983407,0.020470865939417795,1.313081223135309,35.78509905691217,493.1677301574578
Visakhapatnam,17.693333956483702,83.28721879019267,0.44904805756070826,0.06963620042410125,0.6818531835215962,0.2593421289924048,0.4205154649650113,Near Disorder,0.5,0.5,100000,-272.1227144552045,2.2706773827527336,33.081434336034285,0.6798625838446969,98.28668977642228,0.37545715762646076,0.0998787491426401,0.19585423860382165,0.3141454947966348,409.31136189180154,0.013093153689097152,0.6915565936946639,36.71215813824033,409.3300816570249
Colombo,6.951390732439955,79.85017491190395,0.31642694767078455,0.08357505658157922,0.8130980110772034,0.20000100212618188,0.4032622187141339,Near Disorder,0.5,0.5,100000,-605.6378073723528,2.5182185499196574,37.01978427448866,1.3456897869873437,98.99152959724668,0.6341413695309861,0.00944567634700736,0.018019802444999077,0.3245397097035303,703.9057502534952,0.01288655745235047,0.6939949827758937,26.586969208639772,703.924309055195
Kaohsiung,22.565276421861814,120.30706813679305,0.41306066969767913,0.1448476895311575,0.8768591446180789,0.2789541796144183,0.4945740827462927,Near Disorder,0.5,0.5,100000,-277.6405643730439,4.460542154760521,63.517999524910124,0.8036894127264418,97.1502350722541,0.38287338213365235,0.007469532127582659,0.05294887002258316,0.5124734096895911,406.3421792696425,0.04158789759223298,2.046356053354293,64.75809801628267,406.4234169306644
Taichung,24.25833466444047,120.50388839819108,0.4236017841978018,0.1643038233799657,0.897480700326503,0.2939528037888838,0.5136311596928155,Barely Coordination,0.5,0.5,100000,420.42896728217477,3.892747183667655,56.01142670150646,1.024025112359831,96.71591667958884,0.4967325230395938,0.012700346034052823,0.10229227553401601,0.3311885197361049,418.9539970706225,0.05460167671264449,2.6456667225964137,52.532285962897895,419.0341012228535
Da Nang,16.082220613964225,108.2232030417253,0.333255488040725,0.11873796193266446,0.8801998787721949,0.22599672498669474,0.44600705144224095,Near Disorder,0.5,0.5,100000,124.2138768960535,2.479119044823754,36.46443809516587,1.1132912280690723,97.59970183177532,0.5134917368685866,0.024470651304226678,0.03783471423132976,0.4028081517843098,220.80667517157576,0.017349514686360007,0.7002356217959586,130.27498752340406,220.83334466778393
Haikou,20.027775917286846,110.27496920944735,0.20798874886026983,0.07829618448036961,0.8915007716840383,0.1431424666703197,0.3572276857934541,Mild Disorder,0.5,0.5,100000,27.960567192664126,0.5026548074807871,7.255511907085372,1.194265137417012,97.38366800715046,0.4587774291188942,0.012793488270835962,0.07371790520652505,0.43605452637695097,383.42743631788665,0.015169458831114304,1.080034992017435,36.494361327055934,383.45274458618843
Surabaya,-7.616666314108814,113.91666798968502,0.3022011659657012,0.08406170937986657,0.8252664745780072,0.19313143767278387,0.3992303854898829,Mild Disorder,0.5,0.5,100000,108.26872850864899,1.792667152904161,26.445296214462317,1.35668771687893,99.25475718310139,0.3400474233290812,0.021026905253489228,0.09433858719347563,0.5318079233781434,574.4554737870732,0.010887108603267637,0.8178725180309793,40.71057895559692,574.4778698325814
Zamboanga,6.902777612755289,122.07143632341841,0.3360687507005039,0.059808326471364893,0.7162498290835678,0.1979385385859344,0.37652814560299036,Mild Disorder,0.5,0.5,100000,-1157.2386943221647,3.9429368033203964,58.386392310288976,0.6012885122296618,99.50812548958625,0.17877493171535533,0.0018221941211533615,0.0021634188655206125,0.8062175308539254,246.16931583006996,0.001498117944674274,0.22951911406241304,74.23918529185332,246.17614220944273
Chittagong,22.268888893041375,91.825853297213,0.24710938022049833,0.10059772434790706,0.9068910687919096,0.17385355228420268,0.39707207638449055,Mild Disorder,0.5,0.5,100000,63.69504638386022,1.151668879824978,16.551540547160183,0.6157871088188681,91.68890959962306,0.555972394213914,0.011029288398296559,0.09900022696505863,0.31511937705830245,628.307008290704,0.004107535128507665,0.5717389712005062,81.23864143668209,628.3125940998015
Dalian,38.93361079581934,121.65035449273941,0.21620906392567085,0.12308294983980309,0.9615951283249803,0.16964600688273695,0.4038945082050831,Near Disorder,0.5,0.5,100000,-16.78681842592758,0.4036424099050455,5.348280793329293,0.3972244751173516,97.7881899007397,0.08025033573657575,0.0419771807251436,0.14157367475697882,0.6847916774357619,646.3164933191412,0.0458550918430416,1.2725385526842499,23.149523367232707,646.4497419328619
Qingdao,36.09583442630533,120.31702085034433,0.30288370216798766,0.17939672920972186,0.9666640503221609,0.24114021568885474,0.48280594196151705,Near Disorder,0.5,0.5,100000,17.90482555583069,0.4828874559026901,6.50267906578608,0.5275618936883486,96.41872924483498,0.05066199677699198,0.02246173947485706,0.4350437288450241,0.3995371443053065,574.860671316623,0.08680120823829755,2.1088732027635397,26.451040506162744,574.9983545441826
Shanghai,31.22194333376687,121.48721828069908,0.19986350774765832,0.5270815511421878,0.8929642393665684,0.36347252944492303,0.5697086718546843,Barely Coordination,0.5,0.5,100000,-1.1395594168712544,0.08586669016797682,1.2549256977643832,0.2534743509226312,94.59676006592566,0.047601769217019016,0.020039173028378102,0.26261493588877216,0.4566782710677647,2185.4507661648836,0.20395741322858127,8.124660501928622,6.606834329454068,2185.823447786466
Hong Kong,22.321109425478273,114.1561841436698,0.18198216959268793,0.5037161894385057,0.8830885612271486,0.3428491795155968,0.550241936475526,Barely Coordination,0.5,0.5,100000,3.5714957318969955,0.9315658794109313,13.67466781253838,0.6465614774396801,95.95298565910484,0.2422524106602655,0.010202820330285684,0.03616069988772884,0.5549754286575646,2891.111377037152,0.14742860828741422,7.310550980668478,10.208857574829057,2891.415583576357
Surabaya,-7.206388885282311,112.72391196710088,0.2973488857644606,0.172449512527707,0.9640123707112792,0.23489919914608381,0.4758631461323698,Near Disorder,0.5,0.5,100000,131.50312239635187,1.1639606867309806,16.959926258836987,0.7327494570443249,97.66440660760652,0.28938231755199845,0.02632085556947976,0.2257316299918042,0.3932580584919794,1083.0204717580855,0.05680438086788309,1.8866750854668197,14.782578270586265,1083.109187976175
Phnom Penh,11.583054537553135,104.92090873817067,0.5018781316092484,0.08010821253145096,0.6890565385600583,0.2909931720703497,0.4477842648993001,Near Disorder,0.5,0.5,100000,48.857431174846944,0.5846145010567511,8.753047899045171,1.028294331329763,44.91723189760855,0.16694585471771156,0.09727885799778395,0.6644638525652329,0.02504243454588984,256.3358563478706,0.01815606766931451,0.49511192387367436,69.60585857172936,256.35378418724855
Male,4.17499834802768,73.50706799056877,0.2286894419570541,0.47945171277555254,0.9352024919395594,0.3540705773663033,0.5754369524765032,Barely Coordination,0.5,0.5,100000,-1161.0204248409752,2.601070708856984,39.28997458462873,0.06101922165939556,99.87844307219922,1.2570749492733284E-4,8.38049966182219E-5,0.0,0.9994552675219815,5251.013346012192,2.0951249154555472E-4,0.30980217804827553,193.86943682767347,5251.0501683783705
Yangon,16.765832019164858,96.1687858500145,0.3276022660114165,0.08377931289035745,0.8054285138959595,0.20569078945088698,0.4070248479755439,Near Disorder,0.5,0.5,100000,6.305985256616056,0.1320044698270441,1.9697268354950423,0.7106589781308773,80.94805003302613,0.16518733791331702,0.025967584586333633,0.5079495065129522,0.2863886285816109,402.70847702186416,0.009676166351093056,0.6434654851305806,67.64250270130752,402.7210003410858
Singapore,1.2927781183139755,103.7221418473665,0.18327378787761495,0.17501165118918213,0.9997340776607064,0.17914271953339855,0.4231962682755518,Near Disorder,0.5,0.5,100000,7.314425238036349,0.49106581294426505,7.372039914622037,1.2992817053381782,98.55130183105223,0.3535483281511589,0.019827605897781,0.0019096929900162998,0.5657801239403233,632.4987219186131,0.031479229467586335,3.0986136622596927,67.36988553113294,632.5667513868946
Bangkok,13.606942405489043,100.56913824708126,0.30497674099170513,0.30622326803952654,0.9999979201351568,0.30560000451561586,0.5528104276412579,Barely Coordination,0.5,0.5,100000,10.23011483545808,0.20965245554665096,3.1075667500541435,1.1781821741212795,91.02200199994144,0.22824792049164735,0.05186402831735294,0.31831718913224555,0.2696454156307454,979.3058563439266,0.12214290484729272,5.1571761261609685,21.359765141761475,979.4633338281479
Ho Chi Minh City,10.793887292215338,106.7217925033227,0.27941101686720093,0.20311558350243522,0.9874204582749535,0.24126330018481806,0.48808638419179523,Near Disorder,0.5,0.5,100000,35.64793580160766,0.354223924576985,5.309516112810145,1.3694604703534519,87.64903527526852,0.49340614543190064,0.03697511399831603,0.20705250245706422,0.17774581303600226,772.782632008643,0.06378055691325141,3.435022820990107,32.96342343274474,772.8570769479343
Fuzhou,26.04749991202404,119.30052863330188,0.4280325183401834,0.14266761549780402,0.8660103943309221,0.28535006691899373,0.49710775891638703,Near Disorder,0.5,0.5,100000,280.1733670372325,4.032270271310317,56.91786789121403,1.4623942933742362,96.05081291243484,0.5760583581839818,0.021569648231980137,0.029144527584808767,0.3202164405148257,414.82247674406307,0.04769214695573434,2.1810075324668237,45.59752656382637,414.8885357488167
Shantou,23.354720131464926,116.7040654354972,0.305014656893337,0.1893737873405119,0.9722589987457404,0.24719422211692446,0.49024158013282915,Near Disorder,0.5,0.5,100000,99.74220983328206,2.0572438473972747,29.31395505811115,0.9792986482652422,96.70520952256254,0.4771741028658243,0.02981750677956041,0.041720026001149345,0.3836755932255822,865.244954692074,0.06360115389684756,2.218822569912863,43.81148829883864,865.3425423960903
Guangzhou,23.094165938709974,113.40936498103657,0.3014551738555623,0.5725658467772672,0.9506752956176622,0.43701051031641475,0.6445580626158384,Primary Coordination,0.5,0.5,100000,83.62592273273268,1.9359721306566091,28.097389623323544,1.5261055257291638,83.5319247709436,0.5509937015794141,0.01363437391899761,0.08880224419251373,0.11298456165044832,1851.5273827521144,0.22377412177558578,9.831539483578467,25.048372770081862,1851.7636887563788
Tianjin,39.00944226833424,117.4565387382662,0.29551564540859043,0.32192339586083896,0.9990849528918011,0.3087195206347147,0.5553710721041503,Barely Coordination,0.5,0.5,100000,3.0674638712748923,0.05168691281933944,0.7264058007547188,0.49700345665224827,85.32481942959505,0.016740364667527464,0.016965039713160473,0.5311140038205884,0.24539997823049534,728.3377656993989,0.16858812218599814,4.551082427873855,21.201952747802096,728.5454729271512
Karachi,24.834998989975247,66.97373581829358,0.16073709240791925,0.15464228219096393,0.999813247886203,0.1576896872994416,0.39706452676739384,Mild Disorder,0.5,0.5,100000,29.144231299619623,0.5614990339308887,7.844428384444411,0.26307554906181646,93.70861402309077,0.005079714340004599,0.031195615286166458,0.09023531682041705,0.38813722858936345,850.5154179265617,0.026185105251911804,1.550492281821616,73.4892428551559,850.5545994264448
Taipei,25.151942974652073,121.37461706089749,0.2958532949796299,0.1651904523078826,0.9589998417250643,0.23052187364375626,0.47018128454727703,Near Disorder,0.5,0.5,100000,130.16953844951507,2.8631664409234525,40.719204557693885,0.44082357476292516,97.65543233862195,0.3742831240910839,0.0022453296582887385,0.02504036057091054,0.5606481220594619,978.8082066859943,0.036932187979585585,1.9910435964609654,43.168631875881545,978.8906004881749
Manila,14.524166114879701,120.94340415262508,0.38244959046011245,0.2172226955050839,0.9612928602543362,0.2998361429825982,0.5368708815864108,Barely Coordination,0.5,0.5,100000,44.20929517570081,2.804396165065414,41.125231040695354,1.5923462257342653,97.82520282180724,0.4405118822906848,0.027078291013463884,0.10100984989108404,0.3758399239921371,1484.1145530858746,0.05041925934217389,1.5710760491640132,64.06739858705949,1484.1916567636488
